ticker,q_revenue,tahun,filing_terakhir
A,55,19.8,2026-09-01
AAPL,67,19.8,2026-07-31
ABBV,58,15.6,2026-08-03
ABNB,20,7.5,2026-08-06
ABT,67,19.2,2026-04-29
ACGL,63,18.6,2026-08-04
ACN,72,18.7,2026-06-18
ADBE,69,19.5,2026-06-15
ADI,70,19.8,2026-08-19
ADM,69,19.1,2026-08-04
ADP,66,19.1,2026-08-05
ADSK,68,19.6,2026-08-28
AEE,70,19.6,2026-08-03
AEP,65,19.3,2026-05-05
AES,54,20.6,2026-08-04
AFL,75,19.6,2026-08-07
AIG,71,19.6,2026-08-07
AIZ,72,19.6,2026-08-06
AJG,64,18.5,2026-08-05
AKAM,69,19.6,2026-08-07
ALB,62,18.6,2026-08-05
ALGN,52,18.6,2026-08-05
ALL,76,18.5,2026-08-05
ALLE,41,14.6,2026-07-23
AMAT,68,19.7,2026-08-20
AMCR,32,10.1,2026-08-14
AMD,63,18.6,2026-08-05
AME,66,19.6,2026-08-04
AMGN,64,19.6,2026-08-05
AMP,61,19.6,2026-08-04
AMT,67,19.3,2026-04-28
AMZN,67,19.6,2026-07-31
ANET,47,14.6,2026-08-05
AON,66,19.6,2026-07-29
AOS,64,18.5,2026-07-30
APA,2,7.6,2026-08-06
APD,67,19.7,2026-07-30
APH,67,19.6,2026-07-31
APO,18,6.6,2026-08-10
APP,20,7.5,2026-08-05
APTV,62,16.6,2026-08-04
ARE,33,18.5,2026-08-03
ARES,46,13.5,2026-08-07
ATO,59,18.8,2026-08-05
AVGO,33,10.6,2026-06-09
AVY,63,18.6,2026-08-04
AWK,67,18.6,2026-07-29
AXON,59,17.6,2026-08-06
AXP,60,19.5,2026-07-24
AZO,57,18.8,2026-06-12
BA,67,19.6,2026-07-28
BAC,55,19.6,2026-07-31
BALL,68,18.6,2026-08-04
BAX,71,19.6,2026-07-30
BBY,70,19.5,2026-09-04
BDX,63,19.7,2026-08-06
BEN,55,19.8,2026-07-31
BF-B,52,18.3,2026-09-02
BG,17,5.3,2026-04-29
BIIB,66,19.3,2026-04-29
BKNG,65,18.6,2026-08-04
BKR,36,11.6,2026-07-27
BLDR,60,17.6,2026-07-30
BLK,9,4.5,2026-08-06
BMY,67,19.6,2026-07-30
BNY,76,19.5,2026-07-31
BR,63,18.1,2026-08-04
BRK-B,67,19.5,2026-08-10
BRO,64,18.6,2026-07-27
BSX,57,19.6,2026-08-03
BX,63,18.6,2026-08-07
BXP,68,19.6,2026-08-06
C,65,19.1,2026-02-20
CAG,73,19.1,2026-07-15
CAH,68,19.1,2026-08-11
CARR,26,8.3,2026-04-30
CASY,60,18.1,2026-06-22
CAT,74,19.5,2026-08-05
CB,73,19.3,2026-04-28
CBOE,57,17.6,2026-07-31
CBRE,67,18.6,2026-07-29
CCI,66,19.6,2026-08-05
CCL,39,19.6,2026-06-26
CDNS,53,18.3,2026-05-01
CDW,59,17.6,2026-08-05
CEG,17,6.6,2026-08-06
CF,69,19.6,2026-08-06
CFG,39,14.6,2026-08-03
CHD,72,18.6,2026-07-31
CHRW,66,19.6,2026-07-31
CHTR,60,16.5,2026-07-24
CI,32,10.6,2026-07-30
CIEN,55,18.8,2026-09-03
CINF,62,18.6,2026-07-27
CL,67,19.5,2026-07-31
CLX,67,18.8,2026-04-30
CMCSA,67,19.5,2026-07-23
CME,67,19.5,2026-07-24
CMG,33,18.6,2026-07-31
CMI,61,19.5,2026-08-04
CMS,70,18.5,2026-07-28
CNC,62,18.6,2026-07-28
CNP,65,19.3,2026-04-23
COF,60,19.3,2026-05-07
COHR,63,18.1,2026-08-14
COIN,20,7.5,2026-07-30
COO,62,18.6,2026-06-05
COP,55,19.5,2026-08-06
COR,67,19.8,2026-08-05
COST,56,18.7,2026-06-03
CPAY,64,17.6,2026-08-10
CPB,65,18.8,2026-06-08
CPRT,64,17.8,2026-05-29
CPT,31,18.6,2026-07-31
CRH,11,8.6,2026-07-30
CRL,60,18.6,2026-08-05
CRM,66,19.6,2026-08-27
CRWD,26,9.5,2026-08-27
CSCO,63,19.1,2026-09-02
CSGP,54,17.6,2026-07-29
CSX,71,19.5,2026-07-22
CTAS,61,18.1,2026-07-29
CTSH,65,19.3,2026-04-29
CTVA,29,9.6,2026-07-31
CVNA,37,11.5,2026-07-29
CVS,66,19.6,2026-08-05
CVX,56,19.5,2026-08-06
D,69,19.3,2026-05-01
DAL,60,18.5,2026-07-10
DASH,20,8.5,2026-08-05
DD,39,11.6,2026-08-04
DDOG,24,9.5,2026-08-06
DE,71,19.8,2026-08-27
DECK,67,18.5,2026-07-30
DELL,43,12.2,2026-06-09
DG,61,17.6,2026-08-27
DGX,67,19.5,2026-07-23
DHI,62,18.8,2026-07-23
DHR,70,19.5,2026-07-21
DIS,34,10.8,2026-08-05
DLR,59,17.3,2026-05-01
DLTR,68,18.6,2026-08-27
DOC,69,19.6,2026-08-05
DOV,67,19.5,2026-07-23
DOW,32,10.2,2026-04-24
DPZ,51,17.5,2026-07-20
DRI,63,19.0,2026-08-10
DTE,57,19.2,2026-04-30
DUK,70,19.3,2026-05-05
DVA,33,19.6,2026-08-04
DVN,66,19.6,2026-08-05
DXCM,60,17.6,2026-07-30
EBAY,66,19.6,2026-08-06
ECL,71,19.5,2026-08-06
ED,50,17.3,2026-05-07
EFX,33,18.5,2026-07-21
EG,63,18.6,2026-08-03
EIX,72,19.3,2026-04-28
EL,62,18.0,2026-08-19
ELV,67,19.5,2026-07-15
EME,63,18.6,2026-07-30
EMR,72,19.7,2026-08-04
EOG,64,19.6,2026-08-04
EQIX,62,18.6,2026-07-29
EQT,32,19.5,2026-07-22
ERIE,68,18.5,2026-07-30
ES,60,16.6,2026-08-03
ESS,52,18.6,2026-07-30
ETN,44,16.5,2026-07-31
ETR,51,19.2,2026-05-01
EVRG,32,10.3,2026-05-07
EW,67,18.6,2026-08-04
EXC,68,18.2,2026-05-06
EXE,59,19.3,2026-04-28
EXPD,67,19.6,2026-08-05
EXPE,63,18.5,2026-08-06
EXR,32,18.6,2026-07-31
F,60,19.2,2026-04-30
FANG,32,16.6,2026-08-05
FAST,67,19.5,2026-07-16
FCX,50,19.6,2026-08-06
FDS,65,17.8,2026-07-01
FDX,65,19.1,2026-07-20
FE,58,19.2,2026-04-28
FFIV,63,18.8,2026-08-06
FICO,64,18.8,2026-07-29
FITB,57,19.6,2026-08-04
FIX,59,17.5,2026-07-23
FOX,31,10.0,2026-08-06
FOXA,31,10.0,2026-08-06
FRT,61,18.3,2026-05-01
FSLR,55,19.6,2026-07-30
FTNT,49,17.6,2026-07-30
FTV,43,12.3,2026-04-30
GD,54,19.3,2026-04-29
GDDY,32,13.6,2026-07-31
GE,66,19.5,2026-07-16
GEHC,13,5.3,2026-04-29
GEN,56,19.3,2026-08-07
GEV,11,4.5,2026-07-22
GILD,67,19.6,2026-08-06
GIS,71,19.1,2026-07-01
GL,68,19.6,2026-08-05
GLW,61,19.3,2026-05-01
GM,60,17.0,2026-07-21
GNRC,62,17.6,2026-08-04
GOOG,36,13.5,2026-07-23
GOOGL,36,13.5,2026-07-23
GPC,62,19.5,2026-07-21
GPN,63,18.2,2026-08-05
GRMN,74,19.3,2026-04-29
GS,43,18.6,2026-08-03
GWW,67,19.6,2026-08-04
HAL,55,19.5,2026-07-24
HAS,64,18.6,2026-07-30
HBAN,63,18.2,2026-04-30
HCA,31,17.3,2026-04-29
HD,67,19.6,2026-08-25
HIG,71,18.6,2026-07-23
HII,59,17.6,2026-07-30
HLT,49,14.6,2026-07-28
HON,69,19.5,2026-07-23
HOOD,19,7.5,2026-07-30
HPE,40,13.8,2026-09-03
HPQ,55,19.8,2026-08-27
HRL,66,18.7,2026-08-27
HSIC,65,18.6,2026-08-04
HST,57,19.6,2026-08-07
HSY,72,19.5,2026-07-30
HUBB,65,18.3,2026-05-01
HUM,65,19.2,2026-04-29
HWM,70,19.6,2026-08-06
IBKR,53,18.5,2026-08-06
IBM,55,19.5,2026-07-23
ICE,41,15.6,2026-07-30
IDXX,62,18.6,2026-08-04
IEX,63,18.6,2026-07-29
IFF,53,18.6,2026-08-04
INCY,60,17.3,2026-04-28
INTC,56,19.5,2026-07-24
INTU,66,18.8,2026-05-20
INVH,32,11.6,2026-07-30
IP,73,19.6,2026-08-05
IQV,47,15.3,2026-05-05
IR,31,11.6,2026-07-31
IRM,32,18.6,2026-08-05
ISRG,68,19.5,2026-07-21
IT,52,18.6,2026-08-04
ITW,63,19.5,2026-08-06
IVZ,57,19.5,2026-08-04
J,81,19.8,2026-08-04
JBHT,64,18.5,2026-07-24
JBL,51,17.8,2026-06-30
JCI,64,19.5,2026-05-06
JKHY,62,18.1,2026-08-28
JNJ,68,19.5,2026-07-23
JPM,55,18.5,2026-08-06
KDP,66,18.6,2026-08-10
KEY,60,18.6,2026-08-04
KEYS,39,13.8,2026-09-02
KHC,53,14.6,2026-08-05
KIM,51,19.6,2026-08-04
KKR,32,17.6,2026-08-06
KLAC,63,18.1,2026-08-06
KMB,60,19.6,2026-08-04
KMI,51,16.6,2026-07-24
KO,56,19.3,2026-04-30
KR,52,19.4,2026-06-26
KVUE,16,5.6,2026-08-06
L,71,19.6,2026-08-03
LDOS,61,18.5,2026-08-04
LEN,66,18.5,2026-06-29
LH,66,19.6,2026-08-05
LHX,59,19.1,2026-07-30
LII,65,18.3,2026-04-29
LIN,32,10.5,2026-07-31
LITE,47,14.1,2026-08-17
LLY,63,19.6,2026-08-05
LMT,76,19.6,2026-07-23
LNT,61,18.2,2026-05-01
LOW,55,19.6,2026-08-27
LRCX,52,18.1,2026-08-07
LULU,63,18.6,2026-09-03
LUV,68,19.6,2026-07-23
LVS,70,18.6,2026-07-24
LYB,61,15.6,2026-07-31
LYV,60,17.6,2026-07-30
MA,66,19.5,2026-07-30
MAA,48,18.3,2026-04-30
MAR,63,19.6,2026-08-03
MAS,66,19.2,2026-04-22
MCD,66,19.5,2026-08-07
MCHP,66,19.3,2026-08-06
MCK,67,19.3,2026-08-05
MCO,67,19.5,2026-07-23
MDLZ,65,20.3,2026-04-28
MDT,47,14.3,2026-09-03
MET,69,19.6,2026-08-06
META,46,16.5,2026-07-30
MGM,62,18.6,2026-07-29
MKC,62,18.5,2026-06-25
MLM,56,18.6,2026-07-30
MMM,73,19.5,2026-07-21
MNST,63,18.6,2026-08-07
MO,67,19.6,2026-07-30
MOS,54,18.2,2026-08-05
MPC,61,17.6,2026-08-04
MPWR,58,17.6,2026-08-05
MRK,55,19.6,2026-08-07
MRNA,32,10.6,2026-07-31
MS,71,19.7,2026-08-04
MSCI,63,18.6,2026-07-21
MSFT,71,19.1,2026-07-29
MSI,75,19.6,2026-08-05
MTB,55,19.6,2026-08-04
MTD,63,18.5,2026-07-31
MU,63,17.8,2026-06-25
NCLH,56,15.6,2026-08-03
NDAQ,52,18.5,2026-07-23
NDSN,63,18.8,2026-08-20
NEE,71,19.2,2026-04-23
NEM,32,19.5,2026-07-23
NFLX,66,19.5,2026-07-17
NI,66,18.6,2026-08-05
NKE,54,19.0,2026-07-15
NOC,67,19.5,2026-07-21
NOW,46,17.0,2026-07-23
NRG,70,19.6,2026-08-04
NSC,66,19.5,2026-07-23
NTAP,58,18.3,2026-09-02
NTRS,55,18.5,2026-07-30
NUE,75,19.5,2026-08-12
NVDA,67,19.6,2026-08-26
NVR,49,18.6,2026-08-05
NWS,52,15.0,2026-08-07
NWSA,52,15.0,2026-08-07
NXPI,23,17.3,2026-04-28
O,41,18.6,2026-08-06
ODFL,32,18.6,2026-08-05
OKE,66,19.6,2026-08-04
OMC,65,19.3,2026-04-29
ON,70,18.6,2026-08-03
ORCL,59,19.0,2026-06-22
ORLY,68,18.6,2026-08-07
OTIS,25,8.5,2026-07-23
OXY,55,19.6,2026-08-05
PANW,54,15.8,2026-06-03
PAYX,65,19.1,2026-07-17
PCAR,52,19.6,2026-07-29
PCG,55,19.5,2026-07-23
PEG,70,19.6,2026-08-04
PEP,54,19.5,2026-07-09
PFE,56,19.6,2026-08-04
PFG,73,19.3,2026-04-29
PG,66,20.1,2026-08-04
PGR,55,18.5,2026-08-03
PH,66,19.1,2026-08-21
PHM,63,18.5,2026-07-22
PKG,63,18.6,2026-08-07
PLD,37,17.3,2026-04-30
PLTR,21,8.5,2026-08-04
PM,67,19.5,2026-07-24
PNC,59,19.6,2026-08-05
PNR,67,18.2,2026-04-28
PNW,61,18.6,2026-08-04
PODD,60,17.6,2026-08-05
POOL,66,18.3,2026-04-28
PPG,66,19.2,2026-04-29
PPL,70,19.3,2026-05-08
PRU,72,19.6,2026-08-05
PSA,63,19.6,2026-07-29
PSX,53,16.5,2026-08-05
PTC,52,18.8,2026-07-31
PWR,34,19.6,2026-07-30
PYPL,44,13.3,2026-05-05
QCOM,67,19.8,2026-07-29
RCL,64,18.6,2026-07-28
REG,51,16.1,2026-05-04
REGN,63,18.5,2026-07-30
RF,57,19.6,2026-08-06
RJF,56,18.8,2026-08-05
RL,52,18.2,2026-08-06
RMD,51,18.1,2026-08-13
ROK,67,19.7,2026-08-04
ROL,32,18.5,2026-07-23
ROP,71,18.6,2026-07-31
ROST,65,18.5,2026-09-01
RSG,67,19.6,2026-08-07
RTX,67,19.5,2026-07-23
RVTY,65,18.6,2026-08-11
SBAC,68,18.6,2026-08-06
SBUX,66,19.8,2026-07-29
SCHW,67,19.6,2026-08-07
SHW,69,19.5,2026-07-28
SJM,55,18.3,2026-08-26
SLB,55,19.5,2026-07-29
SMCI,58,17.1,2026-08-31
SNA,61,18.5,2026-07-23
SNPS,56,18.8,2026-08-26
SO,67,19.2,2026-04-30
SOLV,11,4.6,2026-08-05
SPG,76,19.5,2026-08-10
SPGI,66,19.3,2026-04-28
SRE,59,18.3,2026-05-07
STE,34,10.3,2026-08-07
STLD,65,19.6,2026-07-28
STT,57,19.6,2026-07-30
STX,52,18.1,2026-08-04
STZ,60,18.3,2026-07-01
SWK,65,18.6,2026-07-29
SWKS,64,18.8,2026-07-28
SYF,0,14.5,2026-07-23
SYK,72,19.5,2026-07-31
SYY,69,19.1,2026-08-21
T,69,19.5,2026-07-22
TAP,74,19.5,2026-08-06
TDG,58,18.8,2026-08-04
TDY,67,18.5,2026-07-24
TECH,56,18.1,2026-08-24
TEL,71,19.8,2026-07-24
TER,72,18.6,2026-07-31
TFC,57,19.5,2026-07-31
TGT,68,19.5,2026-08-28
TJX,68,19.6,2026-08-28
TKO,14,5.5,2026-08-03
TMO,66,19.5,2026-07-31
TMUS,63,18.5,2026-07-23
TPL,25,8.6,2026-08-05
TPR,66,19.1,2026-08-13
TRGP,32,17.6,2026-08-06
TRMB,63,18.6,2026-08-12
TROW,61,19.6,2026-07-31
TRV,67,19.5,2026-07-17
TSCO,56,18.6,2026-08-06
TSLA,61,17.5,2026-07-23
TSN,71,18.7,2026-08-03
TT,55,19.6,2026-07-30
TTD,28,12.5,2026-08-06
TTWO,62,18.7,2026-08-07
TXN,63,19.5,2026-07-24
TXT,63,18.5,2026-07-28
TYL,61,17.6,2026-07-29
UAL,68,18.5,2026-07-16
UBER,27,9.6,2026-08-05
UDR,48,18.3,2026-04-30
UHS,61,18.5,2026-08-07
ULTA,61,17.6,2026-08-27
UNH,60,19.6,2026-08-10
UNP,67,19.5,2026-07-23
UPS,67,19.5,2026-08-05
URI,65,17.3,2026-04-22
USB,59,19.6,2026-08-06
V,57,19.5,2026-04-29
VEEV,53,15.6,2026-08-27
VICI,29,9.6,2026-07-29
VLO,33,19.6,2026-07-30
VLTO,11,5.3,2026-04-29
VMC,66,19.3,2026-04-29
VRSK,29,17.3,2026-04-29
VRSN,55,19.5,2026-07-23
VRT,31,10.3,2026-07-29
VRTX,65,18.6,2026-08-04
VST,32,9.8,2026-08-10
VTR,69,19.6,2026-07-30
VTRS,25,8.6,2026-08-06
VZ,68,19.5,2026-07-31
WAB,63,18.5,2026-07-22
WAT,98,19.6,2026-08-11
WBD,66,19.6,2026-08-06
WDAY,54,16.6,2026-08-27
WDC,70,19.1,2026-08-14
WEC,50,19.5,2026-08-04
WELL,56,18.3,2026-04-29
WFC,55,19.5,2026-07-28
WM,66,19.6,2026-07-29
WMB,55,19.6,2026-08-03
WMT,66,19.6,2026-08-28
WRB,62,18.6,2026-07-31
WSM,61,18.6,2026-08-28
WST,54,18.6,2026-07-23
WTW,68,18.6,2026-07-30
WY,66,19.6,2026-07-31
WYNN,61,18.6,2026-08-06
XEL,74,19.6,2026-07-30
XOM,2,1.5,2026-08-03
XYL,58,17.6,2026-07-28
YUM,60,19.6,2026-08-05
ZBH,69,19.6,2026-08-05
ZBRA,64,18.6,2026-08-04
ZTS,52,15.6,2026-08-06
